{
  "_fv": 79,
  "_type": "gui",
  "definition": {
    "type": 0,
    "width": 176,
    "height": 166,
    "inventoryOffsetX": 0,
    "inventoryOffsetY": 0,
    "renderBgLayer": false,
    "doesPauseGame": false,
    "components": [
      {
        "type": "label",
        "data": {
          "name": "label_admin_panel",
          "text": {
            "fixedValue": "Admin Panel"
          },
          "color": {
            "value": -1,
            "falpha": 0.0
          },
          "x": 136,
          "y": 34,
          "locked": false
        }
      },
      {
        "type": "imagebutton",
        "data": {
          "name": "imagebutton_adventure_button",
          "image": "adventure_button.png",
          "hoveredImage": "adventure_button_highlighted.png",
          "onClick": {
            "name": "AdventureButtonClick"
          },
          "x": 139,
          "y": 50,
          "locked": false
        }
      },
      {
        "type": "imagebutton",
        "data": {
          "name": "imagebutton_creative_button",
          "image": "creative_button.png",
          "hoveredImage": "creative_button.png",
          "onClick": {
            "name": "CreativeButtonClick"
          },
          "x": 167,
          "y": 50,
          "locked": false
        }
      },
      {
        "type": "imagebutton",
        "data": {
          "name": "imagebutton_spectator_button",
          "image": "spectator_button.png",
          "hoveredImage": "spectator_button_highlighted.png",
          "onClick": {
            "name": "SpectatorButtonClick"
          },
          "x": 195,
          "y": 50,
          "locked": false
        }
      },
      {
        "type": "imagebutton",
        "data": {
          "name": "imagebutton_survival_button",
          "image": "survival_button.png",
          "hoveredImage": "survival_button_highlighted.png",
          "onClick": {
            "name": "SurvivalButtonClick"
          },
          "x": 223,
          "y": 50,
          "locked": false
        }
      },
      {
        "type": "imagebutton",
        "data": {
          "name": "imagebutton_clear_button",
          "image": "clear_button.png",
          "hoveredImage": "clear_button_highlighted.png",
          "onClick": {
            "name": "ClearButtonClick"
          },
          "x": 251,
          "y": 50,
          "locked": false
        }
      },
      {
        "type": "imagebutton",
        "data": {
          "name": "imagebutton_day_button",
          "image": "day_button.png",
          "hoveredImage": "day_button_highlighted.png",
          "onClick": {
            "name": "DayButtonClick"
          },
          "x": 139,
          "y": 78,
          "locked": false
        }
      },
      {
        "type": "imagebutton",
        "data": {
          "name": "imagebutton_night_button",
          "image": "night_button.png",
          "hoveredImage": "night_button_highlighted.png",
          "onClick": {
            "name": "NightButtonClick"
          },
          "x": 167,
          "y": 78,
          "locked": false
        }
      },
      {
        "type": "imagebutton",
        "data": {
          "name": "imagebutton_thunder_button",
          "image": "thunder_button.png",
          "hoveredImage": "thunder_button_highlighted.png",
          "onClick": {
            "name": "ThunderButtonClick"
          },
          "x": 195,
          "y": 78,
          "locked": false
        }
      },
      {
        "type": "imagebutton",
        "data": {
          "name": "imagebutton_weather_button",
          "image": "weather_button.png",
          "hoveredImage": "weather_button_highlighted.png",
          "onClick": {
            "name": "RainyButtonClick"
          },
          "x": 223,
          "y": 78,
          "locked": false
        }
      },
      {
        "type": "imagebutton",
        "data": {
          "name": "imagebutton_weather_clear_button",
          "image": "weather_clear_button.png",
          "hoveredImage": "weather_clear_button_highlighted.png",
          "onClick": {
            "name": "ClearWeatherButtonClick"
          },
          "x": 251,
          "y": 78,
          "locked": false
        }
      },
      {
        "type": "tooltip",
        "data": {
          "name": "tooltip_puts_you_in_adventure_mode",
          "text": {
            "fixedValue": "Puts you in adventure mode"
          },
          "width": 24,
          "height": 24,
          "x": 137,
          "y": 48,
          "locked": false
        }
      },
      {
        "type": "tooltip",
        "data": {
          "name": "tooltip_puts_you_in_creative_mode",
          "text": {
            "fixedValue": "Puts you in creative mode"
          },
          "width": 24,
          "height": 24,
          "x": 165,
          "y": 48,
          "locked": false
        }
      },
      {
        "type": "tooltip",
        "data": {
          "name": "tooltip_puts_you_in_spectator_mode",
          "text": {
            "fixedValue": "Puts you in spectator mode"
          },
          "width": 24,
          "height": 24,
          "x": 193,
          "y": 48,
          "locked": false
        }
      },
      {
        "type": "tooltip",
        "data": {
          "name": "tooltip_puts_you_in_survival_mode",
          "text": {
            "fixedValue": "Puts you in survival mode"
          },
          "width": 24,
          "height": 24,
          "x": 221,
          "y": 48,
          "locked": false
        }
      },
      {
        "type": "tooltip",
        "data": {
          "name": "tooltip_deletes_all_items_in_your_invent",
          "text": {
            "fixedValue": "Deletes all items in your inventory"
          },
          "width": 24,
          "height": 24,
          "x": 249,
          "y": 48,
          "locked": false
        }
      },
      {
        "type": "tooltip",
        "data": {
          "name": "tooltip_changes_to_daytime",
          "text": {
            "fixedValue": "Changes to daytime"
          },
          "width": 24,
          "height": 24,
          "x": 137,
          "y": 76,
          "locked": false
        }
      },
      {
        "type": "tooltip",
        "data": {
          "name": "tooltip_changes_to_night_time",
          "text": {
            "fixedValue": "Changes to night time"
          },
          "width": 24,
          "height": 24,
          "x": 165,
          "y": 76,
          "locked": false
        }
      },
      {
        "type": "tooltip",
        "data": {
          "name": "tooltip_makes_thunder_weather",
          "text": {
            "fixedValue": "Makes thunder weather"
          },
          "width": 24,
          "height": 24,
          "x": 193,
          "y": 76,
          "locked": false
        }
      },
      {
        "type": "tooltip",
        "data": {
          "name": "tooltip_makes_rainysnowy_weather",
          "text": {
            "fixedValue": "Makes rainy/snowy weather"
          },
          "width": 24,
          "height": 24,
          "x": 221,
          "y": 76,
          "locked": false
        }
      },
      {
        "type": "tooltip",
        "data": {
          "name": "tooltip_makes_the_weather_clear",
          "text": {
            "fixedValue": "Makes the weather clear"
          },
          "width": 24,
          "height": 24,
          "x": 249,
          "y": 76,
          "locked": false
        }
      },
      {
        "type": "imagebutton",
        "data": {
          "name": "imagebutton_clear_effect_button",
          "image": "clear_effect_button.png",
          "hoveredImage": "clear_effect_button_highlighted.png",
          "onClick": {
            "name": "ClearEffectButtonClick"
          },
          "x": 139,
          "y": 106,
          "locked": false
        }
      },
      {
        "type": "imagebutton",
        "data": {
          "name": "imagebutton_invicible_button",
          "image": "invicible_button.png",
          "hoveredImage": "invicible_button_highlighted.png",
          "onClick": {
            "name": "InvisibilityEffectButtonClick"
          },
          "x": 167,
          "y": 106,
          "locked": false
        }
      },
      {
        "type": "imagebutton",
        "data": {
          "name": "imagebutton_effect_button",
          "image": "effect_button.png",
          "hoveredImage": "effect_button_highlighted.png",
          "onClick": {
            "name": "InstantHealthEffectButtonClick"
          },
          "x": 195,
          "y": 106,
          "locked": false
        }
      },
      {
        "type": "tooltip",
        "data": {
          "name": "tooltip_removes_all_effects_from_you",
          "text": {
            "fixedValue": "Removes all effects from you"
          },
          "width": 24,
          "height": 24,
          "x": 137,
          "y": 104,
          "locked": false
        }
      },
      {
        "type": "tooltip",
        "data": {
          "name": "tooltip_gives_the_effect_of_invisibility",
          "text": {
            "fixedValue": "Gives the effect of invisibility (without particles)"
          },
          "width": 24,
          "height": 24,
          "x": 165,
          "y": 104,
          "locked": false
        }
      },
      {
        "type": "tooltip",
        "data": {
          "name": "tooltip_restores_all_your_health",
          "text": {
            "fixedValue": "Restores all your health"
          },
          "width": 24,
          "height": 24,
          "x": 193,
          "y": 104,
          "locked": false
        }
      },
      {
        "type": "imagebutton",
        "data": {
          "name": "imagebutton_keep_inventory_button",
          "image": "keep_inventory_button.png",
          "hoveredImage": "keep_inventory_button_highlighted.png",
          "onClick": {
            "name": "KeepInventoryTrueButtonClick"
          },
          "x": 223,
          "y": 106,
          "locked": false
        }
      },
      {
        "type": "imagebutton",
        "data": {
          "name": "imagebutton_no_keep_inventory_button",
          "image": "no_keep_inventory_button.png",
          "hoveredImage": "no_keep_inventory_button_highlighted.png",
          "onClick": {
            "name": "KeepInventoryFalseButtonClick"
          },
          "x": 251,
          "y": 106,
          "locked": false
        }
      },
      {
        "type": "imagebutton",
        "data": {
          "name": "imagebutton_spawn_mobs_button",
          "image": "spawn_mobs_button.png",
          "hoveredImage": "spawn_mobs_button_highlighted.png",
          "onClick": {
            "name": "MobSpawningTrueButtonClick"
          },
          "x": 139,
          "y": 134,
          "locked": false
        }
      },
      {
        "type": "imagebutton",
        "data": {
          "name": "imagebutton_no_spawn_mobs_button",
          "image": "no_spawn_mobs_button.png",
          "hoveredImage": "no_spawn_mobs_button_highlighted.png",
          "onClick": {
            "name": "MobSpawningFalseButtonClick"
          },
          "x": 167,
          "y": 134,
          "locked": false
        }
      },
      {
        "type": "tooltip",
        "data": {
          "name": "tooltip_saves_everyones_inventory_after",
          "text": {
            "fixedValue": "Saves everyone's inventory after death"
          },
          "width": 24,
          "height": 24,
          "x": 221,
          "y": 104,
          "locked": false
        }
      },
      {
        "type": "tooltip",
        "data": {
          "name": "tooltip_does_not_save_all_inventory_afte",
          "text": {
            "fixedValue": "Does not save all inventory after death"
          },
          "width": 24,
          "height": 24,
          "x": 249,
          "y": 104,
          "locked": false
        }
      },
      {
        "type": "tooltip",
        "data": {
          "name": "tooltip_includes_the_natural_appearance",
          "text": {
            "fixedValue": "Includes the natural appearance of mobs in the world"
          },
          "width": 24,
          "height": 24,
          "x": 137,
          "y": 132,
          "locked": false
        }
      },
      {
        "type": "tooltip",
        "data": {
          "name": "tooltip_disables_the_natural_appearance",
          "text": {
            "fixedValue": "Disables the natural appearance of mobs in the world"
          },
          "width": 24,
          "height": 24,
          "x": 165,
          "y": 132,
          "locked": false
        }
      },
      {
        "type": "imagebutton",
        "data": {
          "name": "imagebutton_command_block_button",
          "image": "command_block_button.png",
          "hoveredImage": "command_block_button_highlighted.png",
          "onClick": {
            "name": "CommondBlockOutputTrueButtonClick"
          },
          "x": 223,
          "y": 134,
          "locked": false
        }
      },
      {
        "type": "imagebutton",
        "data": {
          "name": "imagebutton_no_command_block_button",
          "image": "no_command_block_button.png",
          "hoveredImage": "no_command_block_button_highlighted.png",
          "onClick": {
            "name": "CommondBlockOutputFalseButtonClick"
          },
          "x": 251,
          "y": 134,
          "locked": false
        }
      },
      {
        "type": "imagebutton",
        "data": {
          "name": "imagebutton_pickaxe_button",
          "image": "pickaxe_button.png",
          "hoveredImage": "pickaxe_button_highlighted.png",
          "onClick": {
            "name": "SuperPickaxeButtonClick"
          },
          "x": 195,
          "y": 134,
          "locked": false
        }
      },
      {
        "type": "imagebutton",
        "data": {
          "name": "imagebutton_raid_omen_button",
          "image": "raid_omen_button.png",
          "hoveredImage": "raid_omen_button_highlighted.png",
          "onClick": {
            "name": "EnableRaidsButtonClick"
          },
          "x": 139,
          "y": 162,
          "locked": false
        }
      },
      {
        "type": "imagebutton",
        "data": {
          "name": "imagebutton_no_raid_omen_button",
          "image": "no_raid_omen_button.png",
          "hoveredImage": "no_raid_omen_button_highlighted.png",
          "onClick": {
            "name": "DisableRaidsButtonClick"
          },
          "x": 167,
          "y": 162,
          "locked": false
        }
      },
      {
        "type": "imagebutton",
        "data": {
          "name": "imagebutton_sword_button",
          "image": "sword_button.png",
          "hoveredImage": "sword_button_highlighted.png",
          "onClick": {
            "name": "SuperSwordButtonClick"
          },
          "x": 195,
          "y": 162,
          "locked": false
        }
      },
      {
        "type": "tooltip",
        "data": {
          "name": "tooltip_gives_you_a_super_pickaxe",
          "text": {
            "fixedValue": "Gives you a super pickaxe"
          },
          "width": 24,
          "height": 24,
          "x": 193,
          "y": 132,
          "locked": false
        }
      },
      {
        "type": "tooltip",
        "data": {
          "name": "tooltip_gives_you_a_super_sword",
          "text": {
            "fixedValue": "Gives you a super sword"
          },
          "width": 24,
          "height": 24,
          "x": 193,
          "y": 160,
          "locked": false
        }
      },
      {
        "type": "tooltip",
        "data": {
          "name": "tooltip_enables_command_output_of_the_co",
          "text": {
            "fixedValue": "Enables command output of the command block"
          },
          "width": 24,
          "height": 24,
          "x": 221,
          "y": 133,
          "locked": false
        }
      },
      {
        "type": "tooltip",
        "data": {
          "name": "tooltip_disables_command_output_of_the_c",
          "text": {
            "fixedValue": "Disables command output of the command block"
          },
          "width": 24,
          "height": 24,
          "x": 249,
          "y": 132,
          "locked": false
        }
      },
      {
        "type": "tooltip",
        "data": {
          "name": "tooltip_includes_village_raids_in_the_wo",
          "text": {
            "fixedValue": "Includes village raids in the world"
          },
          "width": 24,
          "height": 24,
          "x": 137,
          "y": 160,
          "locked": false
        }
      },
      {
        "type": "tooltip",
        "data": {
          "name": "tooltip_turns_off_village_raids_in_the_w",
          "text": {
            "fixedValue": "Turns off village raids in the world"
          },
          "width": 24,
          "height": 24,
          "x": 165,
          "y": 161,
          "locked": false
        }
      },
      {
        "type": "imagebutton",
        "data": {
          "name": "imagebutton_spawn_warden_button",
          "image": "spawn_warden_button.png",
          "hoveredImage": "spawn_warden_button_highlighted.png",
          "onClick": {
            "name": "WardenSpawnTrueButtonClick"
          },
          "x": 223,
          "y": 162,
          "locked": false
        }
      },
      {
        "type": "imagebutton",
        "data": {
          "name": "imagebutton_no_spawn_warden_button",
          "image": "no_spawn_warden_button.png",
          "hoveredImage": "no_spawn_warden_button_highlighted.png",
          "onClick": {
            "name": "WardenSpawnFalseButtonClick"
          },
          "x": 251,
          "y": 162,
          "locked": false
        }
      },
      {
        "type": "imagebutton",
        "data": {
          "name": "imagebutton_sculk_patch_button",
          "image": "sculk_patch_button.png",
          "hoveredImage": "sculk_patch_button_highlighted.png",
          "onClick": {
            "name": "SpawnSculkPatchButtonClick"
          },
          "x": 279,
          "y": 50,
          "locked": false
        }
      },
      {
        "type": "tooltip",
        "data": {
          "name": "tooltip_summon_the_sculk_patch",
          "text": {
            "fixedValue": "Summon the sculk patch"
          },
          "width": 24,
          "height": 24,
          "x": 277,
          "y": 48,
          "locked": false
        }
      },
      {
        "type": "tooltip",
        "data": {
          "name": "tooltip_turns_on_the_appearance_of_the_w",
          "text": {
            "fixedValue": "Turns on the appearance of the warden"
          },
          "width": 24,
          "height": 24,
          "x": 221,
          "y": 160,
          "locked": false
        }
      },
      {
        "type": "tooltip",
        "data": {
          "name": "tooltip_turns_off_the_appearance_of_the",
          "text": {
            "fixedValue": "Turns off the appearance of the warden"
          },
          "width": 24,
          "height": 24,
          "x": 249,
          "y": 160,
          "locked": false
        }
      }
    ],
    "gridSettings": {
      "sx": 14,
      "sy": 14,
      "ox": 11,
      "oy": 15,
      "snapOnGrid": false
    }
  }
}