{
  "_fv": 79,
  "_type": "procedure",
  "definition": {
    "procedurexml": "<xml xmlns=\"https://developers.google.com/blockly/xml\"><block type=\"event_trigger\" deletable=\"false\" x=\"40\" y=\"40\"><field name=\"trigger\">no_ext_trigger</field><next><block type=\"controls_if\"><mutation elseif=\"1\"></mutation><value name=\"IF0\"><block type=\"logic_binary_ops\" inline=\"false\"><field name=\"OP\">OR</field><value name=\"A\"><block type=\"entity_canusecommand\"><value name=\"entity\"><block type=\"entity_from_deps\"></block></value><value name=\"permissionlevel\"><block type=\"math_number\"><field name=\"NUM\">3</field></block></value></block></value><value name=\"B\"><block type=\"entity_canusecommand\"><value name=\"entity\"><block type=\"entity_from_deps\"></block></value><value name=\"permissionlevel\"><block type=\"math_number\"><field name=\"NUM\">4</field></block></value></block></value></block></value><statement name=\"DO0\"><block type=\"entity_open_gui\"><field name=\"guiname\">AdminPanel</field><value name=\"entity\"><block type=\"entity_from_deps\"></block></value><value name=\"x\"><block type=\"coord_x\"></block></value><value name=\"y\"><block type=\"coord_y\"></block></value><value name=\"z\"><block type=\"coord_z\"></block></value></block></statement><value name=\"IF1\"><block type=\"logic_binary_ops\" inline=\"false\"><field name=\"OP\">OR</field><value name=\"A\"><block type=\"entity_canusecommand\"><value name=\"entity\"><block type=\"entity_from_deps\"></block></value><value name=\"permissionlevel\"><block type=\"math_number\"><field name=\"NUM\">1</field></block></value></block></value><value name=\"B\"><block type=\"entity_canusecommand\"><value name=\"entity\"><block type=\"entity_from_deps\"></block></value><value name=\"permissionlevel\"><block type=\"math_number\"><field name=\"NUM\">2</field></block></value></block></value></block></value><statement name=\"DO1\"><block type=\"entity_send_chat\"><value name=\"text\"><block type=\"text\"><field name=\"TEXT\">unavailable</field></block></value><value name=\"entity\"><block type=\"entity_from_deps\"></block></value><value name=\"actbar\"><block type=\"logic_boolean\"><field name=\"BOOL\">TRUE</field></block></value></block></statement></block></next></block></xml>",
    "skipDependencyNullCheck": false
  }
}