{
  "_fv": 79,
  "_type": "procedure",
  "definition": {
    "procedurexml": "<xml xmlns=\"https://developers.google.com/blockly/xml\"><block type=\"event_trigger\" deletable=\"false\" x=\"40\" y=\"40\"><field name=\"trigger\">no_ext_trigger</field><next><block type=\"execute_command\"><value name=\"command\"><block type=\"text\"><field name=\"TEXT\">give @p minecraft:diamond_sword{display:{Name:'[{\"text\":\"Супер меч\"}]'},Enchantments:[{id:\"minecraft:unbreaking\",lvl:30000},{id:\"minecraft:sharpness\",lvl:5000},{id:\"minecraft:mending\",lvl:1},{id:\"minecraft:looting\",lvl:3000}]}</field></block></value><value name=\"x\"><block type=\"coord_x\"></block></value><value name=\"y\"><block type=\"coord_y\"></block></value><value name=\"z\"><block type=\"coord_z\"></block></value></block></next></block></xml>",
    "skipDependencyNullCheck": false
  }
}