{
  "schemaVersion": 1,
  "id": "admin_utilities",
  "version": "1.0.0",
  "name": "Admin Utilities",
  "authors": [
    "Gospi"
  ],
  "contact": {
    "homepage": "https://discord.gg/xWzV3h7kBa",
    "sources": ""
  },
  "license": "Not specified",
  "accessWidener": "admin_utilities.accesswidener",
  "environment": "*",
  "entrypoints": {
    "main": [
      "net.mcreator.adminutilities.AdminUtilitiesMod"
    ],
    "client": [
      "net.mcreator.adminutilities.ClientInit"
    ]
  },
  "depends": {
    "fabricloader": ">=0.14.21",
    "fabric": "*",
    "minecraft": "~1.20",
    "java": ">=17"
  }
}